Title,URL,Description,Details,ShortDetails,Resource,Type,Identifiers,Db,EntrezUID,Properties
"Process Evaluation of Nurse-Led Online Self-Management Support for Family Caregivers to Deal With Behavior Changes of a Relative With Dementia (Part 1): Mixed Methods Study.","/pubmed/31605517","Huis In Het Veld JG, van Asch IFM, Willemse BM, Verkade PJ, Pot AM, Blom MM, Groot Zwaaftink RBM, Francke AL.","J Med Internet Res. 2019 Oct 11;21(10):e13002. doi: 10.2196/13002.","J Med Internet Res.  2019","PubMed","citation","PMID:31605517","pubmed","31605517","create date:2019/10/13 | first author:Huis In Het Veld JG",
"A Multicomponent eHealth Intervention for Family Carers for People Affected by Psychosis: A Coproduced Design and Build Study.","/pubmed/31389333","Sin J, Henderson C, Woodham LA, Sesé Hernández A, Gillard S.","J Med Internet Res. 2019 Aug 6;21(8):e14374. doi: 10.2196/14374.","J Med Internet Res.  2019","PubMed","citation","PMID:31389333 | PMCID:PMC6701165","pubmed","31389333","create date:2019/08/08 | first author:Sin J",
"Desire Thinking across addictive behaviours: A systematic review and meta-analysis.","/pubmed/31233946","Mansueto G, Martino F, Palmieri S, Scaini S, Ruggiero GM, Sassaroli S, Caselli G.","Addict Behav. 2019 Nov;98:106018. doi: 10.1016/j.addbeh.2019.06.007. Epub 2019 Jun 7. Review.","Addict Behav.  2019","PubMed","citation","PMID:31233946","pubmed","31233946","create date:2019/06/25 | first author:Mansueto G",
"Outcomes and Device Usage for Fully Automated Internet Interventions Designed for a Smartphone or Personal Computer: The MobileQuit Smoking Cessation Randomized Controlled Trial.","/pubmed/31172967","Danaher BG, Tyler MS, Crowley RC, Brendryen H, Seeley JR.","J Med Internet Res. 2019 Jun 6;21(6):e13290. doi: 10.2196/13290.","J Med Internet Res.  2019","PubMed","citation","PMID:31172967 | PMCID:PMC6594213","pubmed","31172967","create date:2019/06/08 | first author:Danaher BG",
"A systematic review of palliative care tools and interventions for people with severe mental illness.","/pubmed/30943927","den Boer K, de Veer AJE, Schoonmade LJ, Verhaegh KJ, van Meijel B, Francke AL.","BMC Psychiatry. 2019 Apr 3;19(1):106. doi: 10.1186/s12888-019-2078-7.","BMC Psychiatry.  2019","PubMed","citation","PMID:30943927 | PMCID:PMC6446277","pubmed","30943927","create date:2019/04/05 | first author:den Boer K",
"An Online Intervention to Promote Mental Health and Wellbeing for Young Adults Whose Parents Have Mental Illness and/or Substance Use Problems: Theoretical Basis and Intervention Description.","/pubmed/30828308","Reupert A, Bartholomew C, Cuff R, Foster K, Matar J, Maybery DJ, Pettenuzzo L.","Front Psychiatry. 2019 Feb 15;10:59. doi: 10.3389/fpsyt.2019.00059. eCollection 2019. Review.","Front Psychiatry.  2019","PubMed","citation","PMID:30828308 | PMCID:PMC6384231","pubmed","30828308","create date:2019/03/05 | first author:Reupert A",
"Efficacy and cost-effectiveness of guided and unguided internet- and mobile-based indicated transdiagnostic prevention of depression and anxiety (ICare Prevent): A three-armed randomized controlled trial in four European countries.","/pubmed/30775265","Weisel KK, Zarski AC, Berger T, Krieger T, Schaub MP, Moser CT, Berking M, Dey M, Botella C, Baños R, Herrero R, Etchemendy E, Riper H, Cuijpers P, Bolinski F, Kleiboer A, Görlich D, Beecham J, Jacobi C, Ebert DD.","Internet Interv. 2018 Apr 15;16:52-64. doi: 10.1016/j.invent.2018.04.002. eCollection 2019 Apr.","Internet Interv.  2019","PubMed","citation","PMID:30775265 | PMCID:PMC6364519","pubmed","30775265","create date:2019/02/19 | first author:Weisel KK",
"Implementing online interventions in ICare: A biostatistical perspective.","/pubmed/30775259","Görlich D, Faldum A.","Internet Interv. 2019 Jan 11;16:5-11. doi: 10.1016/j.invent.2018.12.004. eCollection 2019 Apr.","Internet Interv.  2019","PubMed","citation","PMID:30775259 | PMCID:PMC6364454","pubmed","30775259","create date:2019/02/19 | first author:Görlich D",
"Promoting Help-seeking using E-technology for ADolescents with mental health problems: study protocol for a randomized controlled trial within the ProHEAD Consortium.","/pubmed/30704534","Kaess M, Ritter S, Lustig S, Bauer S, Becker K, Eschenbeck H, Moessner M, Rummel-Kluge C, Salize HJ, Thomasius R, Resch F, Koenig J; the ProHEAD Consortium..","Trials. 2019 Jan 31;20(1):94. doi: 10.1186/s13063-018-3157-7.","Trials.  2019","PubMed","citation","PMID:30704534 | PMCID:PMC6357507","pubmed","30704534","create date:2019/02/02 | first author:Kaess M",
"Efficacy and cost-effectiveness of Internet-based selective eating disorder prevention: study protocol for a randomized controlled trial within the ProHEAD Consortium.","/pubmed/30700318","Bauer S, Bilić S, Reetz C, Ozer F, Becker K, Eschenbeck H, Kaess M, Rummel-Kluge C, Salize HJ, Diestelkamp S, Moessner M; ProHEAD Consortium..","Trials. 2019 Jan 30;20(1):91. doi: 10.1186/s13063-018-3161-y.","Trials.  2019","PubMed","citation","PMID:30700318 | PMCID:PMC6354385","pubmed","30700318","create date:2019/02/01 | first author:Bauer S",
"Effectiveness of a web-based screening and brief intervention with weekly text-message-initiated individualised prompts for reducing risky alcohol use among teenagers: study protocol of a randomised controlled trial within the ProHEAD consortium.","/pubmed/30670102","Diestelkamp S, Wartberg L, Kaess M, Bauer S, Rummel-Kluge C, Becker K, Eschenbeck H, Salize HJ, Moessner M, Baldus C, Arnaud N, Thomasius R; ProHEAD consortium..","Trials. 2019 Jan 22;20(1):73. doi: 10.1186/s13063-018-3160-z.","Trials.  2019","PubMed","citation","PMID:30670102 | PMCID:PMC6341631","pubmed","30670102","create date:2019/01/24 | first author:Diestelkamp S",
"Supported Internet-Delivered Cognitive Behavioral Therapy Programs for Depression, Anxiety, and Stress in University Students: Open, Non-Randomised Trial of Acceptability, Effectiveness, and Satisfaction.","/pubmed/30552076","Palacios JE, Richards D, Palmer R, Coudray C, Hofmann SG, Palmieri PA, Frazier P.","JMIR Ment Health. 2018 Dec 14;5(4):e11467. doi: 10.2196/11467.","JMIR Ment Health.  2018","PubMed","citation","PMID:30552076 | PMCID:PMC6315236","pubmed","30552076","create date:2018/12/16 | first author:Palacios JE",
"Smartphone-based ecological momentary assessment and intervention in a blended coping-focused therapy for distressing voices: Development and case illustration.","/pubmed/30510910","Bell IH, Fielding-Smith SF, Hayward M, Rossell SL, Lim MH, Farhall J, Thomas N.","Internet Interv. 2018 Nov 18;14:18-25. doi: 10.1016/j.invent.2018.11.001. eCollection 2018 Dec.","Internet Interv.  2018","PubMed","citation","PMID:30510910 | PMCID:PMC6258111","pubmed","30510910","create date:2018/12/05 | first author:Bell IH",
"Increasing intentions to use mental health services among university students. Results of a pilot randomized controlled trial within the World Health Organization's World Mental Health International College Student Initiative.","/pubmed/30456814","Ebert DD, Franke M, Kählke F, Küchler AM, Bruffaerts R, Mortier P, Karyotaki E, Alonso J, Cuijpers P, Berking M, Auerbach RP, Kessler RC, Baumeister H; WHO World Mental Health - International College Student collaborators..","Int J Methods Psychiatr Res. 2019 Jun;28(2):e1754. doi: 10.1002/mpr.1754. Epub 2018 Nov 20.","Int J Methods Psychiatr Res.  2019","PubMed","citation","PMID:30456814","pubmed","30456814","create date:2018/11/21 | first author:Ebert DD",
"State-wide university implementation of an online platform for eating disorders screening and intervention.","/pubmed/30407047","Fitzsimmons-Craft EE, Firebaugh ML, Graham AK, Eichen DM, Monterubio GE, Balantekin KN, Karam AM, Seal A, Funk B, Taylor CB, Wilfley DE.","Psychol Serv. 2019 May;16(2):239-249. doi: 10.1037/ser0000264. Epub 2018 Nov 8.","Psychol Serv.  2019","PubMed","citation","PMID:30407047 | PMCID:PMC6499684","pubmed","30407047","create date:2018/11/09 | first author:Fitzsimmons-Craft EE",
"Single-Session Mobile-Augmented Intervention in Serious Mental Illness: A Three-Arm Randomized Controlled Trial.","/pubmed/30281086","Depp CA, Perivoliotis D, Holden J, Dorr J, Granholm EL.","Schizophr Bull. 2019 Jun 18;45(4):752-762. doi: 10.1093/schbul/sby135.","Schizophr Bull.  2019","PubMed","citation","PMID:30281086 | PMCID:PMC6581143","pubmed","30281086","create date:2018/10/04 | first author:Depp CA",
"Leveraging Community Engagement to Develop Culturally Tailored Stress Management Interventions in Midlife Black Women.","/pubmed/30272812","Jones HJ, Norwood CR, Bankston K.","J Psychosoc Nurs Ment Health Serv. 2019 Mar 1;57(3):32-38. doi: 10.3928/02793695-20180925-01. Epub 2018 Oct 1.","J Psychosoc Nurs Ment Health Serv.  2019","PubMed","citation","PMID:30272812","pubmed","30272812","create date:2018/10/03 | first author:Jones HJ",
"Prevalence of pathological and maladaptive Internet use and the association with depression and health-related quality of life in Japanese elementary and junior high school-aged children.","/pubmed/30255383","Takahashi M, Adachi M, Nishimura T, Hirota T, Yasuda S, Kuribayashi M, Nakamura K.","Soc Psychiatry Psychiatr Epidemiol. 2018 Dec;53(12):1349-1359. doi: 10.1007/s00127-018-1605-z. Epub 2018 Sep 25.","Soc Psychiatry Psychiatr Epidemiol.  2018","PubMed","citation","PMID:30255383","pubmed","30255383","create date:2018/09/27 | first author:Takahashi M",
"Insomnia among Cancer Caregivers: A Proposal for Tailored Cognitive Behavioral Therapy.","/pubmed/30245560","Shaffer KM, Garland SN, Mao JJ, Applebaum AJ.","J Psychother Integr. 2018 Sep;28(3):275-291. doi: 10.1037/int0000105.","J Psychother Integr.  2018","PubMed","citation","PMID:30245560 | PMCID:PMC6147560","pubmed","30245560","create date:2018/09/25 | first author:Shaffer KM",
"Differences in Factors Associated with Depressive Symptoms between Urban and Rural Female Adolescents in Korea.","/pubmed/30206198","Lee G, Ham OK, Lee BG, Kim AM.","J Korean Acad Nurs. 2018 Aug;48(4):475-484. doi: 10.4040/jkan.2018.48.4.475.","J Korean Acad Nurs.  2018","PubMed","citation","PMID:30206198","pubmed","30206198","create date:2018/09/13 | first author:Lee G",
"Mamma Mia - A randomized controlled trial of an internet-based intervention for perinatal depression.","/pubmed/30191779","Haga SM, Drozd F, Lisøy C, Wentzel-Larsen T, Slinning K.","Psychol Med. 2019 Aug;49(11):1850-1858. doi: 10.1017/S0033291718002544. Epub 2018 Sep 7.","Psychol Med.  2019","PubMed","citation","PMID:30191779 | PMCID:PMC6650775","pubmed","30191779","create date:2018/09/08 | first author:Haga SM",
"Identifying research priorities for digital technology in mental health care: results of the James Lind Alliance Priority Setting Partnership.","/pubmed/30170964","Hollis C, Sampson S, Simons L, Davies EB, Churchill R, Betton V, Butler D, Chapman K, Easton K, Gronlund TA, Kabir T, Rawsthorne M, Rye E, Tomlin A.","Lancet Psychiatry. 2018 Oct;5(10):845-854. doi: 10.1016/S2215-0366(18)30296-7. Epub 2018 Aug 28.","Lancet Psychiatry.  2018","PubMed","citation","PMID:30170964","pubmed","30170964","create date:2018/09/02 | first author:Hollis C",
"Patients' experiences in a guided Internet- and App-based stress intervention for college students: A qualitative study.","/pubmed/30135777","Fleischmann RJ, Harrer M, Zarski AC, Baumeister H, Lehr D, Ebert DD.","Internet Interv. 2017 Dec 29;12:130-140. doi: 10.1016/j.invent.2017.12.001. eCollection 2018 Jun.","Internet Interv.  2018","PubMed","citation","PMID:30135777 | PMCID:PMC6096317","pubmed","30135777","create date:2018/08/24 | first author:Fleischmann RJ",
"FitMindKit: Randomised controlled trial of an automatically tailored online program for mood, anxiety, substance use and suicidality.","/pubmed/30135773","Batterham PJ, Calear AL, Farrer L, McCallum SM, Cheng VWS.","Internet Interv. 2017 Aug 23;12:91-99. doi: 10.1016/j.invent.2017.08.002. eCollection 2018 Jun.","Internet Interv.  2018","PubMed","citation","PMID:30135773 | PMCID:PMC6096326","pubmed","30135773","create date:2018/08/24 | first author:Batterham PJ",
"Dual diagnosis of obsessive compulsive and compulsive buying disorders: Demographic, clinical, and psychiatric correlates.","/pubmed/30081209","Kim HS, Hodgins DC, Torres AR, Fontenelle LF, do Rosário MC, de Mathis MA, Ferrão YA, Miguel EC, Tavares H.","Compr Psychiatry. 2018 Oct;86:67-73. doi: 10.1016/j.comppsych.2018.07.013. Epub 2018 Jul 29.","Compr Psychiatry.  2018","PubMed","citation","PMID:30081209","pubmed","30081209","create date:2018/08/07 | first author:Kim HS",
"Web-based intervention to improve quality of life in late stage bipolar disorder (ORBIT): randomised controlled trial protocol.","/pubmed/30001704","Fletcher K, Foley F, Thomas N, Michalak E, Berk L, Berk M, Bowe S, Cotton S, Engel L, Johnson SL, Jones S, Kyrios M, Lapsley S, Mihalopoulos C, Perich T, Murray G.","BMC Psychiatry. 2018 Jul 13;18(1):221. doi: 10.1186/s12888-018-1805-9.","BMC Psychiatry.  2018","PubMed","citation","PMID:30001704 | PMCID:PMC6044003","pubmed","30001704","create date:2018/07/14 | first author:Fletcher K",
"Development and feasibility of a guided and tailored internet-based cognitive-behavioural intervention for kidney donors and kidney donor candidates.","/pubmed/29961018","Wirken L, van Middendorp H, Hooghof CW, Bremer TE, Hopman SPF, van der Pant KAMI, Hoitsma AJ, Hilbrands LB, Evers AWM.","BMJ Open. 2018 Jun 30;8(6):e020906. doi: 10.1136/bmjopen-2017-020906.","BMJ Open.  2018","PubMed","citation","PMID:29961018 | PMCID:PMC6042571","pubmed","29961018","create date:2018/07/02 | first author:Wirken L",
"Internet-Based Interventions Aimed at Supporting Family Caregivers of People With Dementia: Systematic Review.","/pubmed/29895512","Hopwood J, Walker N, McDonagh L, Rait G, Walters K, Iliffe S, Ross J, Davies N.","J Med Internet Res. 2018 Jun 12;20(6):e216. doi: 10.2196/jmir.9548.","J Med Internet Res.  2018","PubMed","citation","PMID:29895512 | PMCID:PMC6019848","pubmed","29895512","create date:2018/06/14 | first author:Hopwood J",
"A Single-Session, Web-Based Parenting Intervention to Prevent Adolescent Depression and Anxiety Disorders: Randomized Controlled Trial.","/pubmed/29699964","Cardamone-Breen MC, Jorm AF, Lawrence KA, Rapee RM, Mackinnon AJ, Yap MBH.","J Med Internet Res. 2018 Apr 26;20(4):e148. doi: 10.2196/jmir.9499.","J Med Internet Res.  2018","PubMed","citation","PMID:29699964 | PMCID:PMC5945988","pubmed","29699964","create date:2018/04/28 | first author:Cardamone-Breen MC",
"Assessing Therapeutic Alliance in the Context of mHealth Interventions for Mental Health Problems: Development of the Mobile Agnew Relationship Measure (mARM) Questionnaire.","/pubmed/29674307","Berry K, Salter A, Morris R, James S, Bucci S.","J Med Internet Res. 2018 Apr 19;20(4):e90. doi: 10.2196/jmir.8252.","J Med Internet Res.  2018","PubMed","citation","PMID:29674307 | PMCID:PMC5934536","pubmed","29674307","create date:2018/04/21 | first author:Berry K",
"Design, implementation and evaluation of a web-based computer-tailored intervention to prevent binge drinking in adolescents: study protocol.","/pubmed/29618331","Lima-Serrano M, Martínez-Montilla JM, Lima-Rodríguez JS, Mercken L, de Vries H.","BMC Public Health. 2018 Apr 4;18(1):449. doi: 10.1186/s12889-018-5346-4.","BMC Public Health.  2018","PubMed","citation","PMID:29618331 | PMCID:PMC5885294","pubmed","29618331","create date:2018/04/06 | first author:Lima-Serrano M",
"Internet-based self-help smoking cessation and alcohol moderation interventions for cancer survivors: a study protocol of two RCTs.","/pubmed/29609554","Mujcic A, Blankers M, Boon B, Engels R, van Laar M.","BMC Cancer. 2018 Apr 2;18(1):364. doi: 10.1186/s12885-018-4206-z.","BMC Cancer.  2018","PubMed","citation","PMID:29609554 | PMCID:PMC5879805","pubmed","29609554","create date:2018/04/04 | first author:Mujcic A",
"Web-Delivered Cognitive Behavioral Therapy for Distressed Cancer Patients: Randomized Controlled Trial.","/pubmed/29386173","Chambers SK, Ritterband LM, Thorndike F, Nielsen L, Aitken JF, Clutton S, Scuffham PA, Youl P, Morris B, Baade PD, Dunn J.","J Med Internet Res. 2018 Jan 31;20(1):e42. doi: 10.2196/jmir.8850.","J Med Internet Res.  2018","PubMed","citation","PMID:29386173 | PMCID:PMC5812983","pubmed","29386173","create date:2018/02/02 | first author:Chambers SK",
"Employees' Perspectives on the Facilitators and Barriers to Engaging With Digital Mental Health Interventions in the Workplace: Qualitative Study.","/pubmed/29351900","Carolan S, de Visser RO.","JMIR Ment Health. 2018 Jan 19;5(1):e8. doi: 10.2196/mental.9146.","JMIR Ment Health.  2018","PubMed","citation","PMID:29351900 | PMCID:PMC5797290","pubmed","29351900","create date:2018/01/21 | first author:Carolan S",
"A Tailored Web-Based Intervention to Improve Parenting Risk and Protective Factors for Adolescent Depression and Anxiety Problems: Postintervention Findings From a Randomized Controlled Trial.","/pubmed/29351895","Yap MBH, Mahtani S, Rapee RM, Nicolas C, Lawrence KA, Mackinnon A, Jorm AF.","J Med Internet Res. 2018 Jan 19;20(1):e17. doi: 10.2196/jmir.9139.","J Med Internet Res.  2018","PubMed","citation","PMID:29351895 | PMCID:PMC5797292","pubmed","29351895","create date:2018/01/21 | first author:Yap MBH",
"A Survey of Online and Mobile Technology Use at Peer Support Agencies.","/pubmed/29302771","Aschbrenner KA, Naslund JA, Grinley T, Bienvenida JCM, Bartels SJ, Brunette M.","Psychiatr Q. 2018 Sep;89(3):539-548. doi: 10.1007/s11126-017-9561-4.","Psychiatr Q.  2018","PubMed","citation","PMID:29302771 | PMCID:PMC6217798","pubmed","29302771","create date:2018/01/06 | first author:Aschbrenner KA",
"IMPlementation of A Relatives' Toolkit (IMPART study): an iterative case study to identify key factors impacting on the implementation of a web-based supported self-management intervention for relatives of people with psychosis or bipolar experiences in a National Health Service: a study protocol.","/pubmed/29282135","Lobban F, Appleton V, Appelbe D, Barraclough J, Bowland J, Fisher NR, Foster S, Johnson S, Lewis E, Mateus C, Mezes B, Murray E, O'Hanlon P, Pinfold V, Rycroft-Malone J, Siddle R, Smith J, Sutton CJ, Walker A, Jones SH.","Implement Sci. 2017 Dec 28;12(1):152. doi: 10.1186/s13012-017-0687-4.","Implement Sci.  2017","PubMed","citation","PMID:29282135 | PMCID:PMC5745602","pubmed","29282135","create date:2017/12/29 | first author:Lobban F",
"Implementation of the Blended Care Self-Management Program for Caregivers of People With Early-Stage Dementia (Partner in Balance): Process Evaluation of a Randomized Controlled Trial.","/pubmed/29258980","Boots LM, de Vugt ME, Smeets CM, Kempen GI, Verhey FR.","J Med Internet Res. 2017 Dec 19;19(12):e423. doi: 10.2196/jmir.7666.","J Med Internet Res.  2017","PubMed","citation","PMID:29258980 | PMCID:PMC5750419","pubmed","29258980","create date:2017/12/21 | first author:Boots LM",
"Partners in Parenting: A Multi-Level Web-Based Approach to Support Parents in Prevention and Early Intervention for Adolescent Depression and Anxiety.","/pubmed/29258974","Yap MB, Lawrence KA, Rapee RM, Cardamone-Breen MC, Green J, Jorm AF.","JMIR Ment Health. 2017 Dec 19;4(4):e59. doi: 10.2196/mental.8492.","JMIR Ment Health.  2017","PubMed","citation","PMID:29258974 | PMCID:PMC5750418","pubmed","29258974","create date:2017/12/21 | first author:Yap MB",
"Is it cost-effective to provide internet-based interventions to complement the current provision of smoking cessation services in the Netherlands? An analysis based on the EQUIPTMOD.","/pubmed/29243351","Cheung KL, Wijnen BFM, Hiligsmann M, Coyle K, Coyle D, Pokhrel S, de Vries H, Präger M, Evers SMAA.","Addiction. 2018 Jun;113 Suppl 1:87-95. doi: 10.1111/add.14069. Epub 2017 Dec 15.","Addiction.  2018","PubMed","citation","PMID:29243351 | PMCID:PMC6032907","pubmed","29243351","create date:2017/12/16 | first author:Cheung KL",
"An analysis of integrated health care for Internet Use Disorders in adolescents and adults.","/pubmed/29171280","Lindenberg K, Szász-Janocha C, Schoenmaekers S, Wehrmann U, Vonderlin E.","J Behav Addict. 2017 Dec 1;6(4):579-592. doi: 10.1556/2006.6.2017.065. Epub 2017 Nov 24.","J Behav Addict.  2017","PubMed","citation","PMID:29171280 | PMCID:PMC6034946","pubmed","29171280","create date:2017/11/25 | first author:Lindenberg K",
"Exploring Working Relationships in Mental Health Care via an E-Recovery Portal: Qualitative Study on the Experiences of Service Users and Health Providers.","/pubmed/29138127","Strand M, Gammon D, Eng LS, Ruland C.","JMIR Ment Health. 2017 Nov 14;4(4):e54. doi: 10.2196/mental.8491.","JMIR Ment Health.  2017","PubMed","citation","PMID:29138127 | PMCID:PMC5705858","pubmed","29138127","create date:2017/11/16 | first author:Strand M",
"Examining Internet and eHealth Practices and Preferences: Survey Study of Australian Older Adults With Subjective Memory Complaints, Mild Cognitive Impairment, or Dementia.","/pubmed/29070481","LaMonica HM, English A, Hickie IB, Ip J, Ireland C, West S, Shaw T, Mowszowski L, Glozier N, Duffy S, Gibson AA, Naismith SL.","J Med Internet Res. 2017 Oct 25;19(10):e358. doi: 10.2196/jmir.7981.","J Med Internet Res.  2017","PubMed","citation","PMID:29070481 | PMCID:PMC6257301","pubmed","29070481","create date:2017/10/27 | first author:LaMonica HM",
"Users' experiences of an online intervention for bipolar disorder: important lessons for design and evaluation.","/pubmed/29061886","Dodd AL, Mallinson S, Griffiths M, Morriss R, Jones SH, Lobban F.","Evid Based Ment Health. 2017 Nov;20(4):133-139. doi: 10.1136/eb-2017-102754.","Evid Based Ment Health.  2017","PubMed","citation","PMID:29061886 | PMCID:PMC5750409","pubmed","29061886","create date:2017/10/25 | first author:Dodd AL",
"A Transmedia Storytelling Intervention With Interactive Elements to Benefit Latinas' Mental Health: Feasibility, Acceptability, and Efficacy.","/pubmed/29051135","Heilemann MV, Soderlund PD, Kehoe P, Brecht ML.","JMIR Ment Health. 2017 Oct 19;4(4):e47. doi: 10.2196/mental.8571.","JMIR Ment Health.  2017","PubMed","citation","PMID:29051135 | PMCID:PMC5668652","pubmed","29051135","create date:2017/10/21 | first author:Heilemann MV",
"Adherence predictors in an Internet-based Intervention program for depression.","/pubmed/28871896","Castro A, López-Del-Hoyo Y, Peake C, Mayoral F, Botella C, García-Campayo J, Baños RM, Nogueira-Arjona R, Roca M, Gili M.","Cogn Behav Ther. 2018 May;47(3):246-261. doi: 10.1080/16506073.2017.1366546. Epub 2017 Sep 5.","Cogn Behav Ther.  2018","PubMed","citation","PMID:28871896","pubmed","28871896","create date:2017/09/06 | first author:Castro A",
"Web-Based Mindfulness Interventions for People With Physical Health Conditions: Systematic Review.","/pubmed/28860106","Toivonen KI, Zernicke K, Carlson LE.","J Med Internet Res. 2017 Aug 31;19(8):e303. doi: 10.2196/jmir.7487. Review.","J Med Internet Res.  2017","PubMed","citation","PMID:28860106 | PMCID:PMC5599726","pubmed","28860106","create date:2017/09/02 | first author:Toivonen KI",
"What Men Who Have Sex With Men in Peru Want in Internet-Based Sexual Health Information.","/pubmed/28820663","Menacho L, Garcia PJ, Blas MM, Díaz G, Zunt JR.","J Homosex. 2018;65(7):934-946. doi: 10.1080/00918369.2017.1364939. Epub 2017 Sep 22.","J Homosex.  2018","PubMed","citation","PMID:28820663 | PMCID:PMC6205510","pubmed","28820663","create date:2017/08/19 | first author:Menacho L",
"Proposed model for the cultural adaptation of an Internet-based depression prevention intervention (CATCH-IT) for Arab adolescents.","/pubmed/28719365","Abuwalla Z, Kadhem Z, Gladstone T, Mikhael E, Bishay A, Van Voorhees BW.","Int J Adolesc Med Health. 2017 Jul 18;31(1). pii: /j/ijamh.2019.31.issue-1/ijamh-2016-0147/ijamh-2016-0147.xml. doi: 10.1515/ijamh-2016-0147.","Int J Adolesc Med Health.  2017","PubMed","citation","PMID:28719365 | PMCID:PMC6242769","pubmed","28719365","create date:2017/07/19 | first author:Abuwalla Z",
"Short Text Messages to Encourage Adherence to Medication and Follow-up for People With Psychosis (Mobile.Net): Randomized Controlled Trial in Finland.","/pubmed/28701292","Välimäki M, Kannisto KA, Vahlberg T, Hätönen H, Adams CE.","J Med Internet Res. 2017 Jul 12;19(7):e245. doi: 10.2196/jmir.7028.","J Med Internet Res.  2017","PubMed","citation","PMID:28701292 | PMCID:PMC5529737","pubmed","28701292","create date:2017/07/14 | first author:Välimäki M",
"Preferences for Internet-Based Mental Health Interventions in an Adult Online Sample: Findings From an Online Community Survey.","/pubmed/28666976","Batterham PJ, Calear AL.","JMIR Ment Health. 2017 Jun 30;4(2):e26. doi: 10.2196/mental.7722.","JMIR Ment Health.  2017","PubMed","citation","PMID:28666976 | PMCID:PMC5511366","pubmed","28666976","create date:2017/07/02 | first author:Batterham PJ",
"Artificial Intelligence-Assisted Online Social Therapy for Youth Mental Health.","/pubmed/28626431","D'Alfonso S, Santesteban-Echarri O, Rice S, Wadley G, Lederman R, Miles C, Gleeson J, Alvarez-Jimenez M.","Front Psychol. 2017 Jun 2;8:796. doi: 10.3389/fpsyg.2017.00796. eCollection 2017.","Front Psychol.  2017","PubMed","citation","PMID:28626431 | PMCID:PMC5454064","pubmed","28626431","create date:2017/06/20 | first author:D'Alfonso S",
"Web-based health interventions for family caregivers of elderly individuals: A Scoping Review.","/pubmed/28550996","Wasilewski MB, Stinson JN, Cameron JI.","Int J Med Inform. 2017 Jul;103:109-138. doi: 10.1016/j.ijmedinf.2017.04.009. Epub 2017 Apr 24. Review.","Int J Med Inform.  2017","PubMed","citation","PMID:28550996","pubmed","28550996","create date:2017/05/30 | first author:Wasilewski MB",
"A tailored online safety and health intervention for women experiencing intimate partner violence: the iCAN Plan 4 Safety randomized controlled trial protocol.","/pubmed/28327116","Ford-Gilboe M, Varcoe C, Scott-Storey K, Wuest J, Case J, Currie LM, Glass N, Hodgins M, MacMillan H, Perrin N, Wathen CN.","BMC Public Health. 2017 Mar 21;17(1):273. doi: 10.1186/s12889-017-4143-9.","BMC Public Health.  2017","PubMed","citation","PMID:28327116 | PMCID:PMC5360053","pubmed","28327116","create date:2017/03/23 | first author:Ford-Gilboe M",
"Individually tailored internet-based cognitive behavioural therapy for young adults with anxiety disorders: A pilot effectiveness study.","/pubmed/30135828","Silfvernagel K, Wassermann C, Andersson G.","Internet Interv. 2017 Mar 22;8:48-52. doi: 10.1016/j.invent.2017.03.002. eCollection 2017 Jun.","Internet Interv.  2017","PubMed","citation","PMID:30135828 | PMCID:PMC6096294","pubmed","30135828","create date:2017/03/22 | first author:Silfvernagel K",
"An interactive web-based intervention on nutritional status, physical activity and health-related quality of life in patient with metabolic syndrome: a randomized-controlled trial (The Red Ruby Study).","/pubmed/28067891","Jahangiry L, Montazeri A, Najafi M, Yaseri M, Farhangi MA.","Nutr Diabetes. 2017 Jan 9;7(1):e240. doi: 10.1038/nutd.2016.35.","Nutr Diabetes.  2017","PubMed","citation","PMID:28067891 | PMCID:PMC5301038","pubmed","28067891","create date:2017/01/10 | first author:Jahangiry L",
"Developing an Unguided Internet-Delivered Intervention for Emotional Distress in Primary Care Patients: Applying Common Factor and Person-Based Approaches.","/pubmed/27998878","Geraghty AW, Muñoz RF, Yardley L, Mc Sharry J, Little P, Moore M.","JMIR Ment Health. 2016 Dec 20;3(4):e53. doi: 10.2196/mental.5845.","JMIR Ment Health.  2016","PubMed","citation","PMID:27998878 | PMCID:PMC5209611","pubmed","27998878","create date:2016/12/22 | first author:Geraghty AW",
"Minority Stress and Safer Sex Practices Among Sexual Minority Women in Toronto, Canada: Results from a Cross-Sectional Internet-Based Survey.","/pubmed/27792468","Logie CH, Lacombe-Duncan A, MacKenzie RK, Poteat T.","LGBT Health. 2016 Dec;3(6):407-415. Epub 2016 Oct 28.","LGBT Health.  2016","PubMed","citation","PMID:27792468","pubmed","27792468","create date:2016/10/30 | first author:Logie CH",
"Interventions for drug-using offenders with co-occurring mental health problems: a systematic review and economic appraisal.","/pubmed/27688992","Woodhouse R, Neilson M, Martyn-St James M, Glanville J, Hewitt C, Perry AE.","Health Justice. 2016 Sep 13;4(1):10. eCollection 2016 Dec.","Health Justice.  2016","PubMed","citation","PMID:27688992 | PMCID:PMC5021752","pubmed","27688992","create date:2016/10/01 | first author:Woodhouse R",
"Reducing Therapist Contact in Parenting Programs: Evaluation of Internet-Based Treatments for Child Conduct Problems.","/pubmed/27453678","Rabbitt SM, Carrubba E, Lecza B, McWhinney E, Pope J, Kazdin AE.","J Child Fam Stud. 2016 Jun;25(6):2001-2020. Epub 2016 Jan 23.","J Child Fam Stud.  2016","PubMed","citation","PMID:27453678 | PMCID:PMC4956080","pubmed","27453678","create date:2016/07/28 | first author:Rabbitt SM",
"Blended internet care for patients with severe mental illnesses: An open label prospective controlled cohort pilot study.","/pubmed/30135807","Blankers M, van Emmerik A, Richters B, Dekker J.","Internet Interv. 2016 Jul 28;5:51-55. doi: 10.1016/j.invent.2016.07.004. eCollection 2016 Sep.","Internet Interv.  2016","PubMed","citation","PMID:30135807 | PMCID:PMC6096193","pubmed","30135807","create date:2016/07/28 | first author:Blankers M",
"Finding Ways to Lift Barriers to Care for Chronic Pain Patients: Outcomes of Using Internet-Based Self-Management Activities to Reduce Pain and Improve Quality of Life.","/pubmed/27445632","Rod K.","Pain Res Manag. 2016;2016:8714785. doi: 10.1155/2016/8714785. Epub 2016 Mar 1.","Pain Res Manag.  2016","PubMed","citation","PMID:27445632 | PMCID:PMC4904615","pubmed","27445632","create date:2016/07/23 | first author:Rod K",
"Do Web-based Mental Health Literacy Interventions Improve the Mental Health Literacy of Adult Consumers? Results From a Systematic Review.","/pubmed/27323907","Brijnath B, Protheroe J, Mahtani KR, Antoniades J.","J Med Internet Res. 2016 Jun 20;18(6):e165. doi: 10.2196/jmir.5463. Review.","J Med Internet Res.  2016","PubMed","citation","PMID:27323907 | PMCID:PMC4932246","pubmed","27323907","create date:2016/06/22 | first author:Brijnath B",
"User value and usability of a web-based mindfulness intervention for families living with mental health problems.","/pubmed/27189237","Stjernswärd S, Hansson L.","Health Soc Care Community. 2017 Mar;25(2):700-709. doi: 10.1111/hsc.12360. Epub 2016 May 17.","Health Soc Care Community.  2017","PubMed","citation","PMID:27189237","pubmed","27189237","create date:2016/05/18 | first author:Stjernswärd S",
"Improving distress in dialysis (iDiD): a feasibility two-arm parallel randomised controlled trial of an online cognitive behavioural therapy intervention with and without therapist-led telephone support for psychological distress in patients undergoing haemodialysis.","/pubmed/27072573","Hudson JL, Moss-Morris R, Game D, Carroll A, McCrone P, Hotopf M, Yardley L, Chilcot J.","BMJ Open. 2016 Apr 12;6(4):e011286. doi: 10.1136/bmjopen-2016-011286.","BMJ Open.  2016","PubMed","citation","PMID:27072573 | PMCID:PMC4838682","pubmed","27072573","create date:2016/04/14 | first author:Hudson JL",
"Development and Initial Evaluation of the Web-Based Self-Management Program ""Partner in Balance"" for Family Caregivers of People With Early Stage Dementia: An Exploratory Mixed-Methods Study.","/pubmed/26932438","Boots LM, de Vugt ME, Withagen HE, Kempen GI, Verhey FR.","JMIR Res Protoc. 2016 Mar 1;5(1):e33. doi: 10.2196/resprot.5142.","JMIR Res Protoc.  2016","PubMed","citation","PMID:26932438 | PMCID:PMC4795319","pubmed","26932438","create date:2016/03/05 | first author:Boots LM",
"Seeking mental health information and support online: experiences and perspectives of young people receiving treatment for first-episode psychosis.","/pubmed/26810026","Lal S, Nguyen V, Theriault J.","Early Interv Psychiatry. 2018 Jun;12(3):324-330. doi: 10.1111/eip.12317. Epub 2016 Jan 26.","Early Interv Psychiatry.  2018","PubMed","citation","PMID:26810026","pubmed","26810026","create date:2016/01/27 | first author:Lal S",
"Web-Based Cognitive Behavioral Relapse Prevention Program With Tailored Feedback for People With Methamphetamine and Other Drug Use Problems: Development and Usability Study.","/pubmed/26740264","Takano A, Miyamoto Y, Kawakami N, Matsumoto T.","JMIR Ment Health. 2016 Jan 6;3(1):e1. doi: 10.2196/mental.4875.","JMIR Ment Health.  2016","PubMed","citation","PMID:26740264 | PMCID:PMC4720953","pubmed","26740264","create date:2016/01/08 | first author:Takano A",
"Integrating Health Behavior Theory and Design Elements in Serious Games.","/pubmed/26543916","Cheek C, Fleming T, Lucassen MF, Bridgman H, Stasiak K, Shepherd M, Orpin P.","JMIR Ment Health. 2015 Apr 21;2(2):e11. doi: 10.2196/mental.4133. eCollection 2015 Apr-Jun.","JMIR Ment Health.  2015","PubMed","citation","PMID:26543916 | PMCID:PMC4607397","pubmed","26543916","create date:2015/11/07 | first author:Cheek C",
"Privacy Issues in the Development of a Virtual Mental Health Clinic for University Students: A Qualitative Study.","/pubmed/26543915","Gulliver A, Bennett K, Bennett A, Farrer LM, Reynolds J, Griffiths KM.","JMIR Ment Health. 2015 Mar 31;2(1):e9. doi: 10.2196/mental.4294. eCollection 2015 Jan-Mar.","JMIR Ment Health.  2015","PubMed","citation","PMID:26543915 | PMCID:PMC4607386","pubmed","26543915","create date:2015/11/07 | first author:Gulliver A",
"A Virtual Mental Health Clinic for University Students: A Qualitative Study of End-User Service Needs and Priorities.","/pubmed/26543908","Farrer L, Gulliver A, Chan JK, Bennett K, Griffiths KM.","JMIR Ment Health. 2015 Feb 11;2(1):e2. doi: 10.2196/mental.3890. eCollection 2015 Jan-Mar.","JMIR Ment Health.  2015","PubMed","citation","PMID:26543908 | PMCID:PMC4607392","pubmed","26543908","create date:2015/11/07 | first author:Farrer L",
"Contact & connect--an intervention to reduce depression stigma and symptoms in construction workers: protocol for a randomised controlled trial.","/pubmed/26475500","Milner A, Witt K, Burnside L, Wilson C, LaMontagne AD.","BMC Public Health. 2015 Oct 16;15:1062. doi: 10.1186/s12889-015-2394-x.","BMC Public Health.  2015","PubMed","citation","PMID:26475500 | PMCID:PMC4609134","pubmed","26475500","create date:2015/10/18 | first author:Milner A",
"The Promises and Pitfalls of Digital Technology in Its Application to Alcohol Treatment.","/pubmed/26259008","Muench F.","Alcohol Res. 2014;36(1):131-42. Review.","Alcohol Res.  2014","PubMed","citation","PMID:26259008 | PMCID:PMC4432853","pubmed","26259008","create date:2015/08/11 | first author:Muench F",
"Protocol for a randomised controlled trial of a web-based healthy relationship tool and safety decision aid for women experiencing domestic violence (I-DECIDE).","/pubmed/26231225","Hegarty K, Tarzia L, Murray E, Valpied J, Humphreys C, Taft A, Gold L, Glass N.","BMC Public Health. 2015 Aug 1;15:736. doi: 10.1186/s12889-015-2072-z.","BMC Public Health.  2015","PubMed","citation","PMID:26231225 | PMCID:PMC4522060","pubmed","26231225","create date:2015/08/02 | first author:Hegarty K",
"Psychological interventions in cardiovascular disease: an update.","/pubmed/26181666","Tan MP, Morgan K.","Curr Opin Psychiatry. 2015 Sep;28(5):371-7. doi: 10.1097/YCO.0000000000000181. Review.","Curr Opin Psychiatry.  2015","PubMed","citation","PMID:26181666","pubmed","26181666","create date:2015/07/17 | first author:Tan MP",
"Evaluating the efficacy of a web-based self-help intervention with and without chat counseling in reducing the cocaine use of problematic cocaine users: the study protocol of a pragmatic three-arm randomized controlled trial.","/pubmed/26159624","Schaub MP, Maier LJ, Wenger A, Stark L, Berg O, Beck T, Quednow BB, Haug S.","BMC Psychiatry. 2015 Jul 10;15:156. doi: 10.1186/s12888-015-0518-6. Erratum in: BMC Psychiatry. 2015;15:218. ","BMC Psychiatry.  2015","PubMed","citation","PMID:26159624 | PMCID:PMC4496926","pubmed","26159624","create date:2015/07/15 | first author:Schaub MP",
"The effectiveness of technology-based strategies to promote engagement with digital interventions: a systematic review protocol.","/pubmed/25921274","Alkhaldi G, Hamilton FL, Lau R, Webster R, Michie S, Murray E.","JMIR Res Protoc. 2015 Apr 28;4(2):e47. doi: 10.2196/resprot.3990.","JMIR Res Protoc.  2015","PubMed","citation","PMID:25921274 | PMCID:PMC4429223","pubmed","25921274","create date:2015/04/30 | first author:Alkhaldi G",
"A web-based intervention for abused women: the New Zealand isafe randomised controlled trial protocol.","/pubmed/25637195","Koziol-McLain J, Vandal AC, Nada-Raja S, Wilson D, Glass NE, Eden KB, McLean C, Dobbs T, Case J.","BMC Public Health. 2015 Jan 31;15:56. doi: 10.1186/s12889-015-1395-0.","BMC Public Health.  2015","PubMed","citation","PMID:25637195 | PMCID:PMC4314812","pubmed","25637195","create date:2015/02/01 | first author:Koziol-McLain J",
"Out & Online; effectiveness of a tailored online multi-symptom mental health and wellbeing program for same-sex attracted young adults: study protocol for a randomised controlled trial.","/pubmed/25534310","Abbott JA, Klein B, McLaren S, Austin DW, Molloy M, Meyer D, McLeod B.","Trials. 2014 Dec 23;15:504. doi: 10.1186/1745-6215-15-504.","Trials.  2014","PubMed","citation","PMID:25534310 | PMCID:PMC4308019","pubmed","25534310","create date:2014/12/24 | first author:Abbott JA",
"Improving work functioning and mental health of health care employees using an e-mental health approach to workers' health surveillance: pretest-posttest study.","/pubmed/25516815","Ketelaar SM, Nieuwenhuijsen K, Bolier L, Smeets O, Sluiter JK.","Saf Health Work. 2014 Dec;5(4):216-21. doi: 10.1016/j.shaw.2014.08.002. Epub 2014 Sep 16.","Saf Health Work.  2014","PubMed","citation","PMID:25516815 | PMCID:PMC4266797","pubmed","25516815","create date:2014/12/18 | first author:Ketelaar SM",
"A comparison between phone-based psychotherapy with and without text messaging support in between sessions for crisis patients.","/pubmed/25295667","Furber G, Jones GM, Healey D, Bidargaddi N.","J Med Internet Res. 2014 Oct 8;16(10):e219. doi: 10.2196/jmir.3096.","J Med Internet Res.  2014","PubMed","citation","PMID:25295667 | PMCID:PMC4210953","pubmed","25295667","create date:2014/10/09 | first author:Furber G",
"The behavioral intervention technology model: an integrated conceptual and technological framework for eHealth and mHealth interventions.","/pubmed/24905070","Mohr DC, Schueller SM, Montague E, Burns MN, Rashidi P.","J Med Internet Res. 2014 Jun 5;16(6):e146. doi: 10.2196/jmir.3077. Review.","J Med Internet Res.  2014","PubMed","citation","PMID:24905070 | PMCID:PMC4071229","pubmed","24905070","create date:2014/06/07 | first author:Mohr DC",
"Dietitians' perceptions of communicating with preadolescent, overweight children in the consultation setting: the potential for e-resources.","/pubmed/24898403","Raaff C, Glazebrook C, Wharrad H.","J Hum Nutr Diet. 2015 Jun;28(3):300-12. doi: 10.1111/jhn.12247. Epub 2014 Jun 4.","J Hum Nutr Diet.  2015","PubMed","citation","PMID:24898403","pubmed","24898403","create date:2014/06/06 | first author:Raaff C",
"Effectiveness of a Web-based tailored intervention (E-health4Uth) and consultation to promote adolescents' health: randomized controlled trial.","/pubmed/24878521","Bannink R, Broeren S, Joosten-van Zwanenburg E, van As E, van de Looij-Jansen P, Raat H.","J Med Internet Res. 2014 May 30;16(5):e143. doi: 10.2196/jmir.3163.","J Med Internet Res.  2014","PubMed","citation","PMID:24878521 | PMCID:PMC4060146","pubmed","24878521","create date:2014/06/01 | first author:Bannink R",
"Internet-based individually versus group guided self-help treatment for social anxiety disorder: protocol of a randomized controlled trial.","/pubmed/24735420","Schulz A, Stolz T, Berger T.","BMC Psychiatry. 2014 Apr 15;14:115. doi: 10.1186/1471-244X-14-115.","BMC Psychiatry.  2014","PubMed","citation","PMID:24735420 | PMCID:PMC3998740","pubmed","24735420","create date:2014/04/17 | first author:Schulz A",
"Behavioral interventions for office-based care: depressive disorders.","/pubmed/24628012","James E 3rd, Larzelere MM.","FP Essent. 2014 Mar;418:24-7.","FP Essent.  2014","PubMed","citation","PMID:24628012","pubmed","24628012","create date:2014/03/19 | first author:James E 3rd",
"A population-wide screening and tailored intervention platform for eating disorders on college campuses: the healthy body image program.","/pubmed/24621000","Jones M, Kass AE, Trockel M, Glass AI, Wilfley DE, Taylor CB.","J Am Coll Health. 2014;62(5):351-6. doi: 10.1080/07448481.2014.901330.","J Am Coll Health.  2014","PubMed","citation","PMID:24621000 | PMCID:PMC4031301","pubmed","24621000","create date:2014/03/14 | first author:Jones M",
"Designing messaging to engage patients in an online suicide prevention intervention: survey results from patients with current suicidal ideation.","/pubmed/24509475","Whiteside U, Lungu A, Richards J, Simon GE, Clingan S, Siler J, Snyder L, Ludman E.","J Med Internet Res. 2014 Feb 7;16(2):e42. doi: 10.2196/jmir.3173. Erratum in: J Med Internet Res. 2015;17(4):e69. ","J Med Internet Res.  2014","PubMed","citation","PMID:24509475 | PMCID:PMC3936268","pubmed","24509475","create date:2014/02/11 | first author:Whiteside U",
"Understanding the usage of content in a mental health intervention for depression: an analysis of log data.","/pubmed/24486914","Van Gemert-Pijnen JE, Kelders SM, Bohlmeijer ET.","J Med Internet Res. 2014 Jan 31;16(1):e27. doi: 10.2196/jmir.2991.","J Med Internet Res.  2014","PubMed","citation","PMID:24486914 | PMCID:PMC3936274","pubmed","24486914","create date:2014/02/04 | first author:Van Gemert-Pijnen JE",
"Uptake and adherence of a self-directed internet-based mental health intervention with tailored e-mail reminders in senior high schools in Norway.","/pubmed/24443820","Lillevoll KR, Vangberg HC, Griffiths KM, Waterloo K, Eisemann MR.","BMC Psychiatry. 2014 Jan 21;14:14. doi: 10.1186/1471-244X-14-14.","BMC Psychiatry.  2014","PubMed","citation","PMID:24443820 | PMCID:PMC3901754","pubmed","24443820","create date:2014/01/22 | first author:Lillevoll KR",
"Use and Appreciation of a Web-Based, Tailored Intervention (E-health4Uth) Combined With Counseling to Promote Adolescents' Health in Preventive Youth Health Care: Survey and Log-File Analysis.","/pubmed/24394676","Bannink R, Broeren S, Joosten-van Zwanenburg E, van As E, van de Looij-Jansen P, Raat H.","JMIR Res Protoc. 2014 Jan 6;3(1):e3. doi: 10.2196/resprot.2855.","JMIR Res Protoc.  2014","PubMed","citation","PMID:24394676 | PMCID:PMC3906651","pubmed","24394676","create date:2014/01/08 | first author:Bannink R",
"The effects of preference for information on consumers' online health information search behavior.","/pubmed/24284061","Zhang Y.","J Med Internet Res. 2013 Nov 26;15(11):e234. doi: 10.2196/jmir.2783.","J Med Internet Res.  2013","PubMed","citation","PMID:24284061 | PMCID:PMC3869058","pubmed","24284061","create date:2013/11/29 | first author:Zhang Y",
"Can reduce--the effects of chat-counseling and web-based self-help, web-based self-help alone and a waiting list control program on cannabis use in problematic cannabis users: a randomized controlled trial.","/pubmed/24228630","Schaub MP, Haug S, Wenger A, Berg O, Sullivan R, Beck T, Stark L.","BMC Psychiatry. 2013 Nov 14;13:305. doi: 10.1186/1471-244X-13-305.","BMC Psychiatry.  2013","PubMed","citation","PMID:24228630 | PMCID:PMC3830542","pubmed","24228630","create date:2013/11/16 | first author:Schaub MP",
"Participant experiences of an internet-based intervention and randomised control trial: interview study.","/pubmed/24165325","Todkill D, Powell J.","BMC Public Health. 2013 Oct 28;13:1017. doi: 10.1186/1471-2458-13-1017.","BMC Public Health.  2013","PubMed","citation","PMID:24165325 | PMCID:PMC3871009","pubmed","24165325","create date:2013/10/30 | first author:Todkill D",
"The experiences of head and neck cancer patients requiring major surgery.","/pubmed/24145246","Parker V, Bellamy D, Rossiter R, Graham V, Britton B, Bennett L, Giles M.","Cancer Nurs. 2014 Jul-Aug;37(4):263-70. doi: 10.1097/NCC.0b013e31829ded0e.","Cancer Nurs.  2014","PubMed","citation","PMID:24145246","pubmed","24145246","create date:2013/10/23 | first author:Parker V",
"Effects of an individually tailored Web-based chronic pain management program on pain severity, psychological health, and functioning.","/pubmed/24067267","Nevedal DC, Wang C, Oberleitner L, Schwartz S, Williams AM.","J Med Internet Res. 2013 Sep 25;15(9):e201. doi: 10.2196/jmir.2296.","J Med Internet Res.  2013","PubMed","citation","PMID:24067267 | PMCID:PMC3785999","pubmed","24067267","create date:2013/09/27 | first author:Nevedal DC",
"A systematic review of Internet-based supportive interventions for caregivers of patients with dementia.","/pubmed/23963684","Boots LM, de Vugt ME, van Knippenberg RJ, Kempen GI, Verhey FR.","Int J Geriatr Psychiatry. 2014 Apr;29(4):331-44. doi: 10.1002/gps.4016. Epub 2013 Aug 20. Review.","Int J Geriatr Psychiatry.  2014","PubMed","citation","PMID:23963684","pubmed","23963684","create date:2013/08/22 | first author:Boots LM",
"The use of a proactive dissemination strategy to optimize reach of an internet-delivered computer tailored lifestyle intervention.","/pubmed/23914991","Schneider F, Schulz DN, Pouwels LH, de Vries H, van Osch L.","BMC Public Health. 2013 Aug 5;13:721. doi: 10.1186/1471-2458-13-721.","BMC Public Health.  2013","PubMed","citation","PMID:23914991 | PMCID:PMC3750934","pubmed","23914991","create date:2013/08/07 | first author:Schneider F",
"Development of a computer-adaptive physical function instrument for Social Security Administration disability determination.","/pubmed/23578594","Ni P, McDonough CM, Jette AM, Bogusz K, Marfeo EE, Rasch EK, Brandt DE, Meterko M, Haley SM, Chan L.","Arch Phys Med Rehabil. 2013 Sep;94(9):1661-9. doi: 10.1016/j.apmr.2013.03.021. Epub 2013 Apr 8.","Arch Phys Med Rehabil.  2013","PubMed","citation","PMID:23578594 | PMCID:PMC4017369","pubmed","23578594","create date:2013/04/13 | first author:Ni P",
"On the HORYZON: moderated online social therapy for long-term recovery in first episode psychosis.","/pubmed/23146146","Alvarez-Jimenez M, Bendall S, Lederman R, Wadley G, Chinnery G, Vargas S, Larkin M, Killackey E, McGorry PD, Gleeson JF.","Schizophr Res. 2013 Jan;143(1):143-9. doi: 10.1016/j.schres.2012.10.009. Epub 2012 Nov 9.","Schizophr Res.  2013","PubMed","citation","PMID:23146146","pubmed","23146146","create date:2012/11/14 | first author:Alvarez-Jimenez M",
"Understanding burnout according to individual differences: ongoing explanatory power evaluation of two models for measuring burnout types.","/pubmed/23110723","Montero-Marín J, Araya R, Blazquez BO, Skapinakis P, Vizcaino VM, García-Campayo J.","BMC Public Health. 2012 Oct 30;12:922. doi: 10.1186/1471-2458-12-922.","BMC Public Health.  2012","PubMed","citation","PMID:23110723 | PMCID:PMC3527159","pubmed","23110723","create date:2012/11/01 | first author:Montero-Marín J",
"School-based sleep promotion programs: effectiveness, feasibility and insights for future research.","/pubmed/23063417","Cassoff J, Knäuper B, Michaelsen S, Gruber R.","Sleep Med Rev. 2013 Jun;17(3):207-14. doi: 10.1016/j.smrv.2012.07.001. Epub 2012 Oct 12. Review.","Sleep Med Rev.  2013","PubMed","citation","PMID:23063417","pubmed","23063417","create date:2012/10/16 | first author:Cassoff J",
"Prevalence of pathological internet use among adolescents in Europe: demographic and social factors.","/pubmed/22621402","Durkee T, Kaess M, Carli V, Parzer P, Wasserman C, Floderus B, Apter A, Balazs J, Barzilay S, Bobes J, Brunner R, Corcoran P, Cosman D, Cotter P, Despalins R, Graber N, Guillemin F, Haring C, Kahn JP, Mandelli L, Marusic D, Mészáros G, et al.","Addiction. 2012 Dec;107(12):2210-22. doi: 10.1111/j.1360-0443.2012.03946.x. Epub 2012 Jul 26.","Addiction.  2012","PubMed","citation","PMID:22621402","pubmed","22621402","create date:2012/05/25 | first author:Durkee T",
"Results of a transtheoretical model-based alcohol, tobacco and other drug intervention in middle schools.","/pubmed/22591949","Evers KE, Paiva AL, Johnson JL, Cummins CO, Prochaska JO, Prochaska JM, Padula J, Gökbayrak NS.","Addict Behav. 2012 Sep;37(9):1009-18. doi: 10.1016/j.addbeh.2012.04.008. Epub 2012 Apr 28.","Addict Behav.  2012","PubMed","citation","PMID:22591949","pubmed","22591949","create date:2012/05/18 | first author:Evers KE",
"Developing an internet-based support system for adolescents with depression.","/pubmed/23612485","Välimäki M, Kurki M, Hätönen H, Koivunen M, Selander M, Saarijärvi S, Anttila M.","JMIR Res Protoc. 2012 Dec 12;1(2):e22. doi: 10.2196/resprot.2263.","JMIR Res Protoc.  2012","PubMed","citation","PMID:23612485 | PMCID:PMC3626154","pubmed","23612485","create date:2012/01/01 | first author:Välimäki M",
"Web-based parenting program to prevent adolescent alcohol misuse: rationale and development.","/pubmed/21861634","Yap M, Jorm A, Bazley R, Kelly C, Ryan S, Lubman D.","Australas Psychiatry. 2011 Aug;19(4):339-44. doi: 10.3109/10398562.2011.603334. Epub 2011 Aug 23.","Australas Psychiatry.  2011","PubMed","citation","PMID:21861634","pubmed","21861634","create date:2011/08/25 | first author:Yap M",
"Harnessing context sensing to develop a mobile intervention for depression.","/pubmed/21840837","Burns MN, Begale M, Duffecy J, Gergle D, Karr CJ, Giangrande E, Mohr DC.","J Med Internet Res. 2011 Aug 12;13(3):e55. doi: 10.2196/jmir.1838.","J Med Internet Res.  2011","PubMed","citation","PMID:21840837 | PMCID:PMC3222181","pubmed","21840837","create date:2011/08/16 | first author:Burns MN",
"Internet interventions for improving psychological well-being in psycho-oncology: review and recommendations.","/pubmed/21608075","Leykin Y, Thekdi SM, Shumay DM, Muñoz RF, Riba M, Dunn LB.","Psychooncology. 2012 Sep;21(9):1016-25. doi: 10.1002/pon.1993. Epub 2011 May 24. Review.","Psychooncology.  2012","PubMed","citation","PMID:21608075 | PMCID:PMC3181007","pubmed","21608075","create date:2011/05/25 | first author:Leykin Y",
"Directive and nondirective e-coach support for weight loss in overweight adults.","/pubmed/21108032","Gabriele JM, Carpenter BD, Tate DF, Fisher EB.","Ann Behav Med. 2011 Apr;41(2):252-63. doi: 10.1007/s12160-010-9240-2.","Ann Behav Med.  2011","PubMed","citation","PMID:21108032 | PMCID:PMC3891570","pubmed","21108032","create date:2010/11/26 | first author:Gabriele JM",
"[Dialectical behavior therapy for posttraumatic stress disorder in survivors of childhood sexual abuse].","/pubmed/20945269","Bohus M, Dyer AS, Priebe K, Krüger A, Steil R.","Psychother Psychosom Med Psychol. 2011 Mar;61(3-4):140-7. doi: 10.1055/s-0030-1263162. Epub 2010 Oct 13. German. ","Psychother Psychosom Med Psychol.  2011","PubMed","citation","PMID:20945269","pubmed","20945269","create date:2010/10/15 | first author:Bohus M",
"Development of Alive! (A Lifestyle Intervention Via Email), and its effect on health-related quality of life, presenteeism, and other behavioral outcomes: randomized controlled trial.","/pubmed/19019818","Block G, Sternfeld B, Block CH, Block TJ, Norris J, Hopkins D, Quesenberry CP Jr, Husson G, Clancy HA.","J Med Internet Res. 2008 Nov 19;10(4):e43. doi: 10.2196/jmir.1112.","J Med Internet Res.  2008","PubMed","citation","PMID:19019818 | PMCID:PMC2629370","pubmed","19019818","create date:2008/11/21 | first author:Block G",
"Street workers and internet escorts: contextual and psychosocial factors surrounding HIV risk behavior among men who engage in sex work with other men.","/pubmed/18780186","Mimiaga MJ, Reisner SL, Tinsley JP, Mayer KH, Safren SA.","J Urban Health. 2009 Jan;86(1):54-66. doi: 10.1007/s11524-008-9316-5. Epub 2008 Sep 9.","J Urban Health.  2009","PubMed","citation","PMID:18780186 | PMCID:PMC2629521","pubmed","18780186","create date:2008/09/10 | first author:Mimiaga MJ",
"Neural network identification of high-risk suicide patients.","/pubmed/12509122","Modai I, Kurs R, Ritsner M, Oklander S, Silver H, Segal A, Goldberg I, Mendel S.","Med Inform Internet Med. 2002 Mar;27(1):39-47.","Med Inform Internet Med.  2002","PubMed","citation","PMID:12509122","pubmed","12509122","create date:2003/01/02 | first author:Modai I",
"The prevention of depression using the Internet.","/pubmed/12358571","Christensen H, Griffiths KM.","Med J Aust. 2002 Oct 7;177(S7):S122-5.","Med J Aust.  2002","PubMed","citation","PMID:12358571","pubmed","12358571","create date:2002/10/03 | first author:Christensen H",
